source,author,title,description,url,urlToImage,publishedAt,content
"{'id': 'wired', 'name': 'Wired'}",Joel Khalili,"What’s Behind the Bitcoin Price Surge? Vibes, Mostly",The price of bitcoin has climbed to a new all-time high. But assigning the cryptocurrency a value is anything but trivial.,https://www.wired.com/story/bitcoin-price-record-economics/,"https://media.wired.com/photos/65ef46042ca08b0e59a9682f/191:100/w_1280,c_limit/031124-business-bitcoin-economics.jpg",2024-03-12T18:13:56Z,"The latest surge in the price of bitcoin is increasing the clamor around it, says Dal Bianco, drawing in yet more speculators and creating a self-reinforcing cycle. Likewise, when collective confiden… [+2967 chars]"
"{'id': 'wired', 'name': 'Wired'}",Joel Khalili,The Science of Crypto Forensics Survives a Court Battle—for Now,"A jury convicted Roman Sterlingov of money laundering this month. His defense team says it will appeal, saying the crypto-tracing technique at the heart of the case is “pseudoscience.”",https://www.wired.com/story/the-science-of-crypto-forensics-court-battle/,"https://media.wired.com/photos/6603759fd3a75d0aa76d16ab/191:100/w_1280,c_limit/business_crypto_tracing_forensics_trial.jpg",2024-03-27T11:00:00Z,"On March 12, Russian-Swedish national Roman Sterlingov was found guilty of money laundering conspiracy and other violations by a federal jury in Washington, DC, for having operated Bitcoin Fog, a ser… [+3654 chars]"
"{'id': 'bbc-news', 'name': 'BBC News'}",https://www.facebook.com/bbcnews,Woman found with £2bn in Bitcoin convicted,"Jian Wen, 42, from north London, was involved in converting Bitcoin into assets like luxury houses.",https://www.bbc.co.uk/news/uk-england-london-68620253,https://ichef.bbci.co.uk/news/1024/branded_news/17FE5/production/_132977289_wen2.jpg,2024-03-20T17:50:49Z,"A former takeaway worker found with Bitcoin worth more than £2bn has been convicted at Southwark Crown Court of a crime linked to money laundering.
Jian Wen, 42, from Hendon in north London, was inv… [+2779 chars]"
"{'id': 'ars-technica', 'name': 'Ars Technica'}",Ashley Belanger,Bitcoin price hits record $69K after SEC approvals fueled $7B in investments,"SEC chair warns bitcoin is still ""volatile"" and linked to ""illicit activity.""",https://arstechnica.com/tech-policy/2024/03/bitcoin-price-hits-record-69k-after-sec-approvals-fueled-7b-in-investments/,https://cdn.arstechnica.net/wp-content/uploads/2024/03/GettyImages-1872368024-760x380.jpg,2024-03-05T19:07:13Z,"20
Bitcoin's price hit a record high Tuesday, surging above $69,000 and notching past its prior peak price of $68,991.85 recorded in 2021.
After bitcoin's price sunk in 2022 amid a cryptocurrency i… [+4343 chars]"
"{'id': 'ars-technica', 'name': 'Ars Technica'}",Ashley Belanger,Bitcoin Fog operator convicted of laundering $400M in bitcoins on darknet,"Roman Sterlingov will appeal, denouncing DOJ's crypto-tracing techniques.",https://arstechnica.com/tech-policy/2024/03/bitcoin-fog-operator-convicted-of-laundering-400m-in-bitcoins-on-darknet/,https://cdn.arstechnica.net/wp-content/uploads/2024/03/GettyImages-1240726120-760x380.jpg,2024-03-13T20:34:08Z,"19
A US federal jury has convicted a dual Russian-Swedish national, Roman Sterlingov, for operating Bitcoin Fog, ""the longest-running bitcoin money laundering service on the darknet,"" the Department… [+5682 chars]"
"{'id': None, 'name': 'Gizmodo.com'}",Matt Novak,The Feds Are Reportedly Investigating Ethereum Foundation,"The U.S. Securities and Exchange Commission (SEC) is investigating the Ethereum Foundation and companies doing business with the nonprofit, according to a new report from Fortune Wednesday. And that’s very bad news for crypto enthusiasts who were hopeful that…",https://gizmodo.com/sec-ethereum-price-bitcoin-investigation-crypto-etf-1851352576,"https://i.kinja-img.com/image/upload/c_fill,h_675,pg_1,q_80,w_1200/b5adaa02e058acea54ab69fa505844cc.jpg",2024-03-20T18:15:00Z,"The U.S. Securities and Exchange Commission (SEC) is investigating the Ethereum Foundation and companies doing business with the nonprofit, according to a new report from Fortune Wednesday. And thats… [+2397 chars]"
"{'id': None, 'name': 'NPR'}",David Gura,Bitcoin hits a record high. Here are 4 things to know about this spectacular rally,"Bitcoin hit a record high, marking a remarkable comeback from a period known as the ""crypto winter."" A big catalyst behind the gains has been the approval of new bitcoin investment funds.",https://www.npr.org/2024/03/05/1235865112/bitcoin-record-high-rally-crypto-sec-etf,https://media.npr.org/assets/img/2024/03/04/gettyimages-19217562081_wide-eba7c909ba5e0cb64e10c0f882f70414cf0a5847-s1400-c100.jpg,2024-03-05T18:38:02Z,"Bitcoin hit a record high following a rally sparked by the Securities and Exchange Commission's approval of bitcoin exchange-traded funds.
Dan Kitwood/Getty Images
Bitcoin is trading at a new all-t… [+5142 chars]"
"{'id': None, 'name': 'ReadWrite'}",Ali Rees,Why did the Bitcoin price drop?,"Despite reaching record highs of almost $74,000 on Thursday (March 14), the price of Bitcoin (BTC) dropped by 9% early… Continue reading Why did the Bitcoin price drop?
The post Why did the Bitcoin price drop? appeared first on ReadWrite.",https://readwrite.com/why-did-bitcoin-drop/,https://readwrite.com/wp-content/uploads/2024/03/a_chart_showing_bitcoin_rising_a_lot_then_droppi.jpg,2024-03-15T12:38:50Z,"Despite reaching record highs of almost $74,000 on Thursday (March 14), the price of Bitcoin (BTC) dropped by 9% early on Friday (March 15) to $66, 885.
Many cryptocurrency traders will likely sell … [+2274 chars]"
"{'id': None, 'name': 'ReadWrite'}",Radek Zielinski,World’s top pension fund eyes Bitcoin,"Japan’s Government Pension Investment Fund (GPIF) is considering Bitcoin (BTC) as a potential investment diversification tool amidst economic and technological… Continue reading World’s top pension fund eyes Bitcoin
The post World’s top pension fund eyes Bitc…",https://readwrite.com/worlds-top-pension-fund-eyes-bitcoin/,https://readwrite.com/wp-content/uploads/2024/03/Japanese-investors.png,2024-03-19T14:13:51Z,"Japan’s Government Pension Investment Fund (GPIF) is considering Bitcoin (BTC) as a potential investment diversification tool amidst economic and technological changes.
According to a Mar. 19 announ… [+2534 chars]"
"{'id': 'business-insider', 'name': 'Business Insider'}",prosen@insider.com (Phil Rosen),Why crypto is surging back to all-time highs and shrugging off high interest rates,"Bitcoin suffered during the Fed's tightening cycle, but is rallying once again as a supply-demand imbalance offsets rate pressures.",https://markets.businessinsider.com/news/currencies/bitcoin-price-outlook-explained-cryptocurrency-record-high-interest-rates-fed-2024-3,https://i.insider.com/65e603d790413ab8e1d8e646?width=1200&format=jpeg,2024-03-04T18:47:06Z,"Bitcoin is in the midst of a prolonged rebound back to levels last seen when interest rates were near zero and pixelated artwork was regularly selling for millions. 
On Monday, bitcoin spiked more t… [+3350 chars]"
"{'id': 'business-insider', 'name': 'Business Insider'}","Sarah Andersen,Teresa Zhang,Laila Maidan",How bitcoin halving affects crypto prices,"With bitcoin hitting new record highs, the crypto world is bracing for the next ""halving,"" which occurs every four years.",https://www.businessinsider.com/bitcoin-halving-event-crypto-market-mining-etf-2024,https://i.insider.com/65f08f9890413ab8e1dbd6a4?width=1200&format=jpeg,2024-03-12T20:17:49Z,"With bitcoin hitting new record highs, the crypto world is bracing for the next ""halving,"" which occurs every four years. We break down how it works and what it means for investors.Read the original … [+26 chars]"
"{'id': None, 'name': 'ReadWrite'}",Radek Zielinski,Coinbase CEO: Bitcoin could counteract US deficit,"Coinbase CEO Brian Armstrong has advocated for Bitcoin (BTC) as a financial discipline tool, suggesting it could counteract United States… Continue reading Coinbase CEO: Bitcoin could counteract US deficit
The post Coinbase CEO: Bitcoin could counteract US de…",https://readwrite.com/coinbase-ceo-bitcoin-could-counteract-us-deficit/,https://readwrite.com/wp-content/uploads/2024/03/bJrwuE-PR2-ZleuzYPZ4rg.png,2024-03-14T08:56:30Z,"Coinbase CEO Brian Armstrong has advocated for Bitcoin (BTC) as a financial discipline tool, suggesting it could counteract United States deficit spending and echo the fiscal restraint of the gold st… [+2615 chars]"
"{'id': None, 'name': 'ReadWrite'}",Radek Zielinski,"Bitcoin lifted over $71,000 as UK’s FCA approves crypto ETNs","During the Asian trading session on Monday, Bitcoin (BTC) soared past $71,000 for the first time in history. This surge… Continue reading Bitcoin lifted over $71,000 as UK’s FCA approves crypto ETNs
The post Bitcoin lifted over $71,000 as UK’s FCA approves cr…",https://readwrite.com/bitcoin-lifted-over-71000-as-uks-fca-approves-crypto-etns/,https://readwrite.com/wp-content/uploads/2024/03/yAqI9QlFReGdutRddL3VzQ.png,2024-03-11T17:46:21Z,"During the Asian trading session on Monday, Bitcoin (BTC) soared past $71,000 for the first time in history.
This surge comes on the heels of the U.S.’s approval of spot Bitcoin spot exchange-traded… [+2051 chars]"
"{'id': None, 'name': 'ReadWrite'}",Radek Zielinski,El Salvador gained $84M from Bitcoin holdings,"El Salvador’s Bitcoin (BTC) holdings have yielded an unrealized profit of $84 million, with the treasury’s value increasing by 69%… Continue reading El Salvador gained $84M from Bitcoin holdings
The post El Salvador gained $84M from Bitcoin holdings appeared …",https://readwrite.com/el-salvador-gained-84m-from-bitcoin-holdings/,https://readwrite.com/wp-content/uploads/2024/03/d464b5cf-a07f-47dd-aefa-a09ec69e9d66.webp,2024-03-12T13:23:25Z,"El Salvador’s Bitcoin (BTC) holdings have yielded an unrealized profit of $84 million, with the treasury’s value increasing by 69% to over $206 million due to Bitcoin’s 250% appreciation over the pas… [+1899 chars]"
"{'id': None, 'name': 'ReadWrite'}",Radek Zielinski,"Bitcoin flash crashes to $8,900 on BitMEX","Bitcoin (BTC) experienced a sudden drop to $8,900 on BitMEX, deviating significantly from its stable $60,000+ valuation on other exchanges.… Continue reading Bitcoin flash crashes to $8,900 on BitMEX
The post Bitcoin flash crashes to $8,900 on BitMEX appeared…",https://readwrite.com/bitcoin-flash-crashes-to-8900-on-bitmex/,https://readwrite.com/wp-content/uploads/2024/03/bitcoinflashcrash.jpg,2024-03-19T14:59:18Z,"Bitcoin (BTC) experienced a sudden drop to $8,900 on BitMEX, deviating significantly from its stable $60,000+ valuation on other exchanges.
On a late Monday, Bitcoin experienced a swift downturn, dr… [+2214 chars]"
"{'id': None, 'name': 'ReadWrite'}",Radek Zielinski,Nasdaq’s Bitcoin ETFs break five-day outflow streak with $15.4M boost,"On Monday, Nasdaq-traded spot Bitcoin (BTC) exchange-traded funds (ETFs) witnessed an inflow of $15.4 million, marking a positive shift after… Continue reading Nasdaq’s Bitcoin ETFs break five-day outflow streak with $15.4M boost
The post Nasdaq’s Bitcoin ETF…",https://readwrite.com/nasdaqs-bitcoin-etfs-break-five-day-outflow-streak-with-15-4m-boost/,https://readwrite.com/wp-content/uploads/2024/03/sRVLagdvTLSPSVK2Wb7dBA.png,2024-03-26T14:20:47Z,"On Monday, Nasdaq-traded spot Bitcoin (BTC) exchange-traded funds (ETFs) witnessed an inflow of $15.4 million, marking a positive shift after five consecutive days of outflows, according to prelimina… [+1664 chars]"
"{'id': None, 'name': 'ReadWrite'}",Radek Zielinski,Bitcoin ETF daily inflows breaks $1B,"The United States recently approved spot Bitcoin (BTC) exchange-traded funds (ETFs), which experienced another day of record-breaking inflows on March… Continue reading Bitcoin ETF daily inflows breaks $1B
The post Bitcoin ETF daily inflows breaks $1B appeare…",https://readwrite.com/bitcoin-etf-daily-inflows-breaks-1b/,https://readwrite.com/wp-content/uploads/2024/03/2at7RvbmQ9mXqGyaKKPWug.png,2024-03-13T16:58:49Z,"The United States recently approved spot Bitcoin (BTC) exchange-traded funds (ETFs), which experienced another day of record-breaking inflows on March 12.
Data gathered from BitMEX Research shows th… [+1671 chars]"
"{'id': None, 'name': 'ReadWrite'}",James Spillane,Bitcoin Price Prediction – Is The Biggest Crash Of All Time Coming?,"The Bitcoin price has risen exponentially since the fourth financial quarter of 2023, up 163% from the start of October… Continue reading Bitcoin Price Prediction – Is The Biggest Crash Of All Time Coming?
The post Bitcoin Price Prediction – Is The Biggest Cr…",https://readwrite.com/bitcoin-price-prediction-is-the-biggest-crash-of-all-time-coming/,https://readwrite.com/wp-content/uploads/2024/03/bitcoin-price-crash.jpg,2024-03-20T16:48:25Z,"The Bitcoin price has risen exponentially since the fourth financial quarter of 2023, up 163% from the start of October last year. 
If the Bitcoin price closes the month of March over $61,157, it wo… [+4836 chars]"
"{'id': None, 'name': 'ReadWrite'}",Sam Shedden,Bitcoin endures biggest daily price drop since FTX crash,"The price of Bitcoin (BTC) dropped drastically on Tuesday (Mar 19), when it registered its biggest single-day loss since the… Continue reading Bitcoin endures biggest daily price drop since FTX crash
The post Bitcoin endures biggest daily price drop since FTX…",https://readwrite.com/bitcoin-endures-biggest-daily-price-drop-since-ftx-crash/,https://readwrite.com/wp-content/uploads/2024/03/Bitcoinfall.png,2024-03-20T10:53:55Z,"The price of Bitcoin (BTC) dropped drastically on Tuesday (Mar 19), when it registered its biggest single-day loss since the infamous collapse of the FTX exchange in November 2022.
According to data… [+2252 chars]"
"{'id': None, 'name': 'ReadWrite'}",Radek Zielinski,Grayscale’s Bitcoin ETF sees $359m daily outflow,"The Grayscale Bitcoin Trust (GBTC) experienced significant withdrawals, with $359 million leaving the fund on Thursday (Mar 21). Those outflows… Continue reading Grayscale’s Bitcoin ETF sees $359m daily outflow
The post Grayscale’s Bitcoin ETF sees $359m dail…",https://readwrite.com/grayscales-bitcoin-etf-sees-359m-daily-outflow/,https://readwrite.com/wp-content/uploads/2024/03/3-Ndb1f1SiWyzebvNUMprg.jpg,2024-03-22T15:51:17Z,"The Grayscale Bitcoin Trust (GBTC) experienced significant withdrawals, with $359 million leaving the fund on Thursday (Mar 21).
Those outflows come on the heels of a week of heavy withdrawals, culm… [+3589 chars]"
"{'id': 'business-insider', 'name': 'Business Insider'}",Emily Stewart,Bitcoin will keep going boom and bust until we all die,"Investors are stuck in a perpetual boom-and-bust cycle where they put money into bitcoin every few years, only to get burned by a price crash.",https://www.businessinsider.com/bitcoin-all-time-high-etfs-crypto-price-crash-boom-bust-2024-3,https://i.insider.com/65e78a5790413ab8e1d97e2e?width=1200&format=jpeg,2024-03-06T10:47:01Z,"Bitcoin investors are stuck in a perpetual boom-and-bust cycle where they get back on the bitcoin horse every few years only to get burned.Getty Images; Alyssa Powell/BI
Bitcoin's been back on the u… [+7318 chars]"
"{'id': None, 'name': 'ReadWrite'}",Sophie Atkinson,"Bitcoin price surges beyond $65,000 as records beckon","Bitcoin has reached a two-year high today (Monday 4 March) as it jumped to above $65,000 in the early hours […]
The post Bitcoin price surges beyond $65,000 as records beckon appeared first on ReadWrite.",https://readwrite.com/bitcoin-bounces-beyond-65000-as-records-beckon/,https://readwrite.com/wp-content/uploads/2024/03/pierre-borthiry-peiobty-vBCVcWUyvyM-unsplash-scaled.jpg,2024-03-04T11:42:29Z,"Bitcoin has reached a two-year high today (Monday 4 March) as it jumped to above $65,000 in the early hours in Europe.
Monday (Mar. 4) has seen the price rise to $65,537 which is the crypto assets h… [+1548 chars]"
"{'id': None, 'name': 'ReadWrite'}",Suswati Basu,"Bitcoin price: crypto market hits record high, first time since 2021","For the first time since November 2021, the price of Bitcoin has surged past $60,000, setting new record highs in […]
The post Bitcoin price: crypto market hits record high, first time since 2021 appeared first on ReadWrite.",https://readwrite.com/bitcoin-price-crypto-market-hits-record-high-first-time-since-2021/,https://readwrite.com/wp-content/uploads/2024/03/Bitcoin-price-crypto-market-hits-record-high-first-time-since-2021-900x600.png,2024-03-01T17:18:11Z,"For the first time since November 2021, the price of Bitcoin has surged past $60,000, setting new record highs in local currencies across numerous global markets.
The Bitcoin price rose to $63,968 o… [+2940 chars]"
"{'id': None, 'name': 'ReadWrite'}",Sophie Atkinson,Bitcoin and gold prices shatter previous highs,"The ultra-modern and traditional markets coincided on Mar 5, as both Bitcoin and gold saw record-breaking highs occur on the […]
The post Bitcoin and gold prices shatter previous highs appeared first on ReadWrite.",https://readwrite.com/bitcoin-and-gold-prices-shatter-previous-highs/,https://readwrite.com/wp-content/uploads/2024/03/p2fOhXKdQPqdhr0tbXdxTQ.png,2024-03-06T16:23:20Z,"The ultra-modern and traditional markets coincided on Mar 5, as both Bitcoin and gold saw record-breaking highs occur on the same day.
In the early hours in Europe on Monday 4 March, Bitcoin jumped … [+1785 chars]"
"{'id': None, 'name': 'ReadWrite'}",Sam Shedden,Coinbase crashed as Bitcoin soared to record high,"Angry Coinbase users slammed the cryptocurrency trading app after it crashed again on Tuesday (Mar.5), the same day Bitcoin hit […]
The post Coinbase crashed as Bitcoin soared to record high appeared first on ReadWrite.",https://readwrite.com/coinbase-crashed-as-bitcoin-soared-to-record-high/,https://readwrite.com/wp-content/uploads/2024/03/NfPvWsHYT8e0fGymX9HfZQ.png,2024-03-06T10:44:24Z,"Angry Coinbase users slammed the cryptocurrency trading app after it crashed again on Tuesday (Mar.5), the same day Bitcoin hit a new all-time high price of $69,000 after over two years of waiting.
… [+2292 chars]"
"{'id': 'business-insider', 'name': 'Business Insider'}",Dan DeFrancesco,It's sentencing day for Sam Bankman-Fried,"Bitcoin is booming, but a piece of its darker past is back in the spotlight.",https://www.businessinsider.com/insider-today-sam-bankman-fried-ftx-bitcoin-prison-sentencing-cryptocurrency-2024-3,https://i.insider.com/653aeece356802a56be57380?width=1200&format=jpeg,2024-03-28T14:20:11Z,"Sam Bankman-Fried.Chelsea Jia Feng/Insider.
<ul><li>This post originally appeared in the Insider Today newsletter.</li><li>You can sign up for Business Insider's daily newsletter here.</li></ul>Hi! … [+6913 chars]"
"{'id': None, 'name': 'ReadWrite'}",Sam Shedden,This movie streaming platform is accepting Bitcoin,"In a ground-breaking step for the streaming industry, Movies Plus has become the “first streaming platform” to allow subscribers to… Continue reading This movie streaming platform is accepting Bitcoin
The post This movie streaming platform is accepting Bitcoi…",https://readwrite.com/this-movie-streaming-platform-is-accepting-bitcoin/,https://readwrite.com/wp-content/uploads/2024/03/Bitcoinmovies.png,2024-03-15T11:56:21Z,"In a ground-breaking step for the streaming industry, Movies Plus has become the “first streaming platform” to allow subscribers to pay for their service using Bitcoin.
The free movie streaming app … [+1433 chars]"
"{'id': 'business-insider', 'name': 'Business Insider'}",George Glover,Bitcoin's been sliding ahead of the 'halving' — but crypto bulls aren't worried,"Crypto bulls are confident that a looming ""halving"" event could power bitcoin to new highs, despite the coin's recent declines.",https://markets.businessinsider.com/news/currencies/bitcoin-price-halving-halvening-event-crypto-market-analysis-ethereum-solana-2024-3,https://i.insider.com/65fc056f2417f97b87cdf7ce?width=1200&format=jpeg,2024-03-21T10:15:17Z,"Getty Images
<ul>
<li>Bitcoin hit a new record high last week, but has since lost ground.</li>
<li>Profit-taking could be fueling the sell-off, which has also hit other tokens like ether and solana.… [+3285 chars]"
"{'id': None, 'name': 'Hipertextual'}",Gabriel Erard,Bitcoin supera los 69.000 dólares y alcanza un nuevo máximo histórico,"Poco más de 2 años después de su anterior All-Time High (ATH), Bitcoin ha alcanzado un nuevo valor máximo histórico. La criptomoneda ha ratificado su corrida alcista y este martes ha vuelto a superar los 69.000 dólares para, brevemente, establecer el registro…",http://hipertextual.com/2024/03/bitcoin-nuevo-maximo-historico,https://imgs.hipertextual.com/wp-content/uploads/2024/02/michael-fortsch-4GD_5kMZmY8-unsplash-scaled.jpg,2024-03-05T15:55:07Z,"Poco más de 2 años después de su anterior All-Time High (ATH), Bitcoin ha alcanzado un nuevo valor máximo histórico. La criptomoneda ha ratificado su corrida alcista y este martes ha vuelto a superar… [+1422 chars]"
"{'id': None, 'name': 'Slashdot.org'}",msmash,"Craig Wright Is Not Bitcoin Creator Satoshi Nakamoto, Judge Declares","A judge in the UK High Court has declared that Australian computer scientist Craig Wright is not Satoshi Nakamoto, the creator of Bitcoin, marking the end of a years-long debate. From a report: ""The evidence is overwhelming,"" said Honourable Mr. Justice James…",https://slashdot.org/story/24/03/14/1428252/craig-wright-is-not-bitcoin-creator-satoshi-nakamoto-judge-declares,https://a.fsdn.com/sd/topics/bitcoin_64.png,2024-03-14T14:41:00Z,"""The evidence is overwhelming,"" said Honourable Mr. Justice James Mellor, delivering a surprise ruling at the close of the trial. ""Dr. Wright is not the author of the Bitcoin white paper. Dr. Wright … [+766 chars]"
"{'id': None, 'name': 'Slashdot.org'}",msmash,Bitcoin 'Halving' Spurs Exodus of Old US Mining Computers Abroad,"An anonymous reader shares a report: About 6,000 older Bitcoin mining machines in the US will soon be idled and sent to a warehouse in Colorado Springs where they'll be refreshed and resold to buyers overseas looking to profit from mining in lower-cost enviro…",https://it.slashdot.org/story/24/03/25/1645212/bitcoin-halving-spurs-exodus-of-old-us-mining-computers-abroad,https://a.fsdn.com/sd/topics/bitcoin_64.png,2024-03-25T18:41:00Z,"About 6,000 older Bitcoin mining machines in the US will soon be idled and sent to a warehouse in Colorado Springs where they'll be refreshed and resold to buyers overseas looking to profit from mini… [+1424 chars]"
"{'id': 'business-insider', 'name': 'Business Insider'}","Matt Turner,Jordan Parker Erb",First it was warehouses taking over America. Now it's data centers.,"In Sunday's edition of Insider Today: Bitcoin is here to stay, and the first wave of ""walking-dead"" venture firms is here.",https://www.businessinsider.com/insider-today-warehouses-data-centers-bitcoin-walking-dead-venture-firms-2024-3,https://i.insider.com/65edc1f0ce7f1785b2e84d57?width=1200&format=jpeg,2024-03-10T14:24:18Z,"Alvarez/Getty Images
<ul><li>This post originally appeared in the Insider Today newsletter.</li><li>You can sign up for Business Insider's daily newsletter here.</li></ul>Welcome back to our Sunday … [+4478 chars]"
"{'id': None, 'name': 'ReadWrite'}",Graeme Hanna,SEC delays decision on Bitcoin trading options for ETFs,"The United States Securities and Exchange Commission has delayed its decision on whether to approve the trading of options on… Continue reading SEC delays decision on Bitcoin trading options for ETFs
The post SEC delays decision on Bitcoin trading options for…",https://readwrite.com/sec-delays-decision-on-bitcoin-trading-options-for-etfs/,https://readwrite.com/wp-content/uploads/2024/03/CCs5HZeeR6ix-lOB3K1HWA.png,2024-03-08T14:29:25Z,"The United States Securities and Exchange Commission has delayed its decision on whether to approve the trading of options on exchange-traded funds (ETFs) that invest directly in Bitcoin.
The openin… [+2417 chars]"
"{'id': 'business-insider', 'name': 'Business Insider'}",gglover@insider.com (George Glover),Bitcoin is about to undergo another 'halving' event - here's what that means,Previous halvings have powered the cryptocurrency higher because they reduce the supply of new tokens in circulation.,https://markets.businessinsider.com/news/currencies/bitcoin-halving-event-cryptocurrency-new-all-time-high-halvening-explained-2024-3,https://i.insider.com/65e88f1290413ab8e1d9ae64?width=1200&format=jpeg,2024-03-09T09:31:01Z,"2024 has been a big year for bitcoin.
In January, the Securities and Exchange Commission finally gave its seal of approval to 11 spot ETFs after months of speculation.
The following month, the toke… [+2725 chars]"
"{'id': 'business-insider', 'name': 'Business Insider'}",George Glover,Bitcoin and gold are both on fire right now — but for very different reasons,"The leading cryptocurrency and the precious metal are both on winning streaks, but analysts say their simultaneous rises are something of a coincidence.",https://markets.businessinsider.com/news/currencies/bitcoin-gold-record-highs-halving-crypto-etf-inflation-federal-reserve-2024-3,https://i.insider.com/65f0565fce7f1785b2e8c2a2?width=1200&format=jpeg,2024-03-13T09:35:57Z,"Bitcoin is trading above $73,000.Business Insider
<ul>
<li>Bitcoin and gold have both been hitting new record highs.</li>
<li>The cryptocurrency is surging following SEC approval of spot ETFs and a … [+3951 chars]"
"{'id': 'wired', 'name': 'Wired'}","Dhruv Mehrotra, Andrew Couts",Security News This Week: Russian Hackers Stole Microsoft Source Code—and the Attack Isn’t Over,"Plus: An ex-Google engineer gets arrested for allegedly stealing trade secrets, hackers breach the top US cybersecurity agency, and X’s new feature exposes sensitive user data.",https://www.wired.com/story/russia-hackers-microsoft-source-code/,"https://media.wired.com/photos/65eb4c36b7cb6be700970ab7/191:100/w_1280,c_limit/Security-Roundup-Microsoft-Russian-Hackers-GettyImages-1913821927.jpg",2024-03-09T14:00:00Z,"For years, Registered Agents Inc.a secretive company whose business is setting up other businesseshas registered thousands of companies to people who appear to not exist. Multiple former employees te… [+3299 chars]"
"{'id': 'wired', 'name': 'Wired'}",Anna Merlan,"Robert F. Kennedy Jr. Targets a Generation of Politically Disaffected, Extremely Online Men","In a campaign that increasingly reflects a late night TikTok scroll, Robert F. Kennedy Jr. is gathering celebrities and influencers that appeal to a young male base.",https://www.wired.com/story/robert-f-kennedy-jr-aaron-rodgers-male-vote/,"https://media.wired.com/photos/65f2ff1a9f86ee0288b77cdf/191:100/w_1280,c_limit/politics_rfk-jr-masculine-online-votes.jpg",2024-03-14T13:53:41Z,"In his continued quest to become either the president of the United States or else a very interesting footnote to someone elses reelection, Robert F. Kennedy Jr. has enlisted a number of celebrities … [+3401 chars]"
"{'id': None, 'name': 'ReadWrite'}",Radek Zielinski,"Coinbase pitched Grayscale’s ETH ETF to the SEC, filings show","United States-based publicly traded cryptocurrency exchange Coinbase met with the Securities and Exchange Commission (SEC) to discuss the Ethereum (ETH)… Continue reading Coinbase pitched Grayscale’s ETH ETF to the SEC, filings show
The post Coinbase pitched …",https://readwrite.com/coinbase-pitched-grayscales-eth-etf-to-the-sec-filings-show/,https://readwrite.com/wp-content/uploads/2024/03/AluhS-stTquaBFNeakUuQA.png,2024-03-11T17:30:51Z,United States-based publicly traded cryptocurrency exchange Coinbase met with the Securities and Exchange Commission (SEC) to discuss the Ethereum (ETH) exchange-traded fund (ETF) proposed by asset m… [+2567 chars]
"{'id': None, 'name': 'ReadWrite'}",Brian-Damien Morgan,"Crypto: Coinbase Files to list DOGE, LTC and BCH","Coinbase Exchange has filed to list Litecoin (LTC), Bitcoin Cash (BCH), and Dogecoin futures trading with the Commodity Futures Trading… Continue reading Crypto: Coinbase Files to list DOGE, LTC and BCH
The post Crypto: Coinbase Files to list DOGE, LTC and BC…",https://readwrite.com/crypto-coinbase-files-to-list-doge-ltc-and-bch/,https://readwrite.com/wp-content/uploads/2024/03/pexels-karolina-grabowska-5980596-scaled.jpg,2024-03-21T17:54:09Z,"Coinbase Exchange has filed to list Litecoin (LTC), Bitcoin Cash (BCH), and Dogecoin futures trading with the Commodity Futures Trading Commission (CFTC).
The CFTC has not yet responded officially t… [+2015 chars]"
"{'id': None, 'name': 'NPR'}",Alina Selyukh,"Bad news, chocolate lovers: Cocoa prices have risen faster than bitcoin","It's been a wild historic ride: The price of cocoa topped the all-time record before Valentine's Day and has almost doubled since then, in time for Easter. The culprit is the weather.",https://www.npr.org/2024/03/29/1240947073/cocoa-price-chocolate-kitkat-hershey,https://media.npr.org/assets/img/2024/03/28/ap20101410900586_wide-052ddb8f70634cec7defa48f3c7c4a00afa50374-s1400-c100.jpg,2024-03-29T09:01:15Z,"Chocolate Easter bunnies wait to be decorated at a shop in Belgium.
Virginia Mayo/AP
Cocoa prices are going nuts: The bean is now more valuable than several precious metals and has surged faster th… [+5029 chars]"
"{'id': None, 'name': 'Slashdot.org'}",BeauHD,"Crypto Miner, Pennsylvania Hit With Lawsuit Over Pollution From Bitcoin Mine",An anonymous reader quotes a report from Reuters: An environmental community group on Tuesday sued Stronghold Digital Mining claiming the company's bitcoin mine in northeastern Pennsylvania that burns waste coal and old tires for energy is polluting nearby co…,https://slashdot.org/story/24/03/27/0130229/crypto-miner-pennsylvania-hit-with-lawsuit-over-pollution-from-bitcoin-mine,https://a.fsdn.com/sd/topics/bitcoin_64.png,2024-03-27T03:30:00Z,The Fine Print: The following comments are owned by whoever posted them. We are not responsible for them in any way.
"{'id': 'business-insider', 'name': 'Business Insider'}",Kenneth Niemeyer,Cocoa prices are rising so fast they are outpacing bitcoin — just in time for Easter,"Cocoa prices are skyrocketing. They've doubled in 2024 so far, leading to a potential rise in Easter chocolate costs this year.",https://www.businessinsider.com/easter-chocolate-expensive-price-of-cocoa-bitcoin-2024-3,https://i.insider.com/65ff282316bde8d4ead18e1e?width=1200&format=jpeg,2024-03-23T19:47:55Z,"Easter candy.Getty Images
<ul><li>Cocoa prices have nearly doubled in 2024 and are outpacing bitcoin in the last 12 months.</li><li>Rising cocoa costs may drive up Easter chocolate prices.</li><li>H… [+1335 chars]"
"{'id': None, 'name': 'ReadWrite'}",Radek Zielinski,Biden’s tax plan sparks crypto industry backlash,"President Joe Biden’s proposed 30% tax on crypto mining power faced criticism for potentially harming the industry and erasing investor… Continue reading Biden’s tax plan sparks crypto industry backlash
The post Biden’s tax plan sparks crypto industry backlas…",https://readwrite.com/bidens-tax-plan-sparks-crypto-industry-backlash/,https://readwrite.com/wp-content/uploads/2024/03/image-1.png,2024-03-18T15:23:31Z,"President Joe Biden’s proposed 30% tax on crypto mining power faced criticism for potentially harming the industry and erasing investor wealth.
The resurgence in Bitcoin and other cryptocurrency val… [+2215 chars]"
"{'id': None, 'name': 'Xataka.com'}",Enrique Pérez,Qué sabemos del Bitcoin Halving 2024 y cómo puede afectar este esperado evento al precio del Bitcoin,"Han pasado ya cuatro años. Y eso significa que ya está cerca el Bitcoin Halving 2024, un crucial evento que sucede de forma periódica y forma parte indispensable de la propia criptomoneda. Este mes de abril, en un día que todavía no está cerrado porque depend…",https://www.xataka.com/criptomonedas/que-sabemos-bitcoin-halving-2024-como-puede-afectar-este-esperado-evento-al-precio-bitcoin,https://i.blogs.es/6c4d4a/michael-fortsch-bitcoin/840_560.jpeg,2024-03-31T17:01:23Z,"Han pasado ya cuatro años. Y eso significa que ya está cerca el Bitcoin Halving 2024, un crucial evento que sucede de forma periódica y forma parte indispensable de la propia criptomoneda. Este mes d… [+4230 chars]"
"{'id': None, 'name': 'Xataka.com'}",Enrique Pérez,Ni el Bitcoin en máximos es suficiente estable: una avalancha lo ha hundido fugazmente hasta los 8.900 dólares,"El Bitcoin ha empezado el 2024 como un cohete. En estos momentos supera los 63.000 dólares, pero eso no quiere decir que todas las ventas se realicen siempre a este precio. El precio del Bitcoin va cambiando constantemente y es posible ver operaciones donde s…",https://www.xataka.com/criptomonedas/bitcoin-maximos-suficiente-estable-avalancha-ha-hundido-fugazmente-8-900-dolares,https://i.blogs.es/232bcd/bitcoin-caida/840_560.jpeg,2024-03-20T16:31:15Z,"El Bitcoin ha empezado el 2024 como un cohete. En estos momentos supera los 63.000 dólares, pero eso no quiere decir que todas las ventas se realicen siempre a este precio. El precio del Bitcoin va c… [+3569 chars]"
"{'id': None, 'name': 'Xataka.com'}",Javier Pastor,Bitcoin hace historia y rompe la barrera de los 69.000 dólares. La pregunta es cuál es su techo,"El 10 de noviembre de 2021 el bitcoin alcanzó el que había sido su valor más alto hasta entonces: 69.040,10 dólares. La fiebre por las criptomonedas —y los NFTs— se situó entonces en máximos históricos para luego caer de forma prolongada a lo largo de 2022 y …",https://www.xataka.com/criptomonedas/bitcoin-hace-historia-y-rompe-la-barrera-de-los-69-000-dolares-la-pregunta-es-cual-es-su-techo,https://i.blogs.es/647b4b/btc1/840_560.jpeg,2024-03-05T18:30:23Z,"El 10 de noviembre de 2021 el bitcoin alcanzó el que había sido su valor más alto hasta entonces: 69.040,10 dólares. La fiebre por las criptomonedas y los NFTs se situó entonces en máximos históricos… [+3083 chars]"
"{'id': None, 'name': 'ReadWrite'}",Petar Jovanović,"Top Crypto Gainers to Watch this Week – Dogecoin, Aptos, Toncoin and New Altcoin ICOs","The crypto market experienced a correction last week, with major cryptocurrencies like Bitcoin and Ethereum declining by 1.7% and 4%… Continue reading Top Crypto Gainers to Watch this Week – Dogecoin, Aptos, Toncoin and New Altcoin ICOs
The post Top Crypto Ga…",https://readwrite.com/top-crypto-gainers-to-watch-this-week-dogecoin-aptos-toncoin-new-altcoin-icos/,https://readwrite.com/wp-content/uploads/2024/03/dogecoin-top-crypto-gainer.jpg,2024-03-26T07:05:35Z,"The crypto market experienced a correction last week, with major cryptocurrencies like Bitcoin and Ethereum declining by 1.7% and 4% respectively. 
While the weekend was relatively flat, one meme co… [+4059 chars]"
"{'id': None, 'name': 'Xataka.com'}",Rubén Andrés,Hay 22 milmillonarios por las criptomonedas en el mundo. Solo seis de ellos lo son por invertir en bitcoin,"Los datos del informe de riqueza global 2023 de UBS y Credit Suisse apuntan a que en el mundo existen unos 59,4 millones de personas con un capital valorado en más de un millón de dólares. Con la llegada de las criptomonedas, la población de millonarios tambi…",https://www.xataka.com/criptomonedas/hay-22-milmillonarios-criptomonedas-mundo-solo-6-ellos-bitcoin-que-esta-batiendo-records,https://i.blogs.es/faf5db/pexels-crypto-crow-1447418/840_560.jpeg,2024-03-06T10:31:41Z,"Los datos del informe de riqueza global 2023 de UBS y Credit Suisse apuntan a que en el mundo existen unos 59,4 millones de personas con un capital valorado en más de un millón de dólares. Con la lle… [+3623 chars]"
"{'id': None, 'name': 'Xataka.com'}",Javier Marquez,Craig Wright lleva años diciendo ser Satoshi Nakamoto: la Justicia pone fin al debate: no es el creador de Bitcoin,Craig Wright no es ‘Satoshi Nakamoto’. O al menos esto es lo que ha dictaminado un Tribunal Superior de Londres. El juez James Mellor ha llegado a la conclusión de que el emprendedor australiano que lleva aproximadamente una década autoproclamándose creador d…,https://www.xataka.com/criptomonedas/craig-wright-lleva-anos-diciendo-ser-satoshi-nakamoto-justicia-pone-fin-al-debate-no-creador-bitcoin,https://i.blogs.es/a238a4/craig-1wright-1/840_560.jpeg,2024-03-16T00:35:07Z,Craig Wright no es Satoshi Nakamoto. O al menos esto es lo que ha dictaminado un Tribunal Superior de Londres. El juez James Mellor ha llegado a la conclusión de que el emprendedor australiano que ll… [+2692 chars]
"{'id': None, 'name': 'ReadWrite'}",Suswati Basu,Rhysida ransomware group claims MarineMax yacht dealer attack,"US luxury yacht dealer MarineMax was reportedly attacked by the Rhysida ransomware group earlier this month. The company, which experienced… Continue reading Rhysida ransomware group claims MarineMax yacht dealer attack
The post Rhysida ransomware group claim…",https://readwrite.com/rhysida-ransomware-group-claims-marinemax-yacht-dealer-attack/,https://readwrite.com/wp-content/uploads/2024/03/Rhysida-ransomware-group-claims-MarineMax-yacht-dealer-attack.png,2024-03-21T18:39:30Z,"US luxury yacht dealer MarineMax was reportedly attacked by the Rhysida ransomware group earlier this month.
The company, which experienced record revenue this year, filed a report on March 10 with … [+2375 chars]"
"{'id': None, 'name': 'Thenewstack.io'}",Steven J. Vaughan-Nichols,"Python Users: BIPClip Is After Your Bitcoin Wallet, via PyPI",Python Package Index (PyPI) packages found hiding Bitcoin wallet hacking tools.,https://thenewstack.io/python-users-bibclip-is-after-your-bitcoin-wallet-via-pypi/,https://cdn.thenewstack.io/media/2024/03/ce67c3b9-wallet-1010601_1280.jpg,2024-03-17T16:21:17Z,"Python Users: BIPClip Is After Your Bitcoin Wallet, Via PyPI"
"{'id': None, 'name': 'heise online'}",Mark Mantel,Bitcoin ist so viel wert wie noch nie,Zum ersten Mal in seiner Geschichte hat die Kryptowährung Bitcoin die 60.000-Euro-Marke genommen.,https://www.heise.de/news/Bitcoin-ist-so-viel-wert-wie-noch-nie-9645169.html,https://heise.cloudimg.io/bound/1200x1200/q85.png-lossy-85.webp-lossy-85.foil1/_www-heise-de_/imgs/18/4/5/5/1/2/4/3/shutterstock_1841762269-1efce39393fb55d5.jpg,2024-03-04T10:51:00Z,"Ein Bitcoin kostet momentan um die 60.000 Euro am Montagmorgen mal ein paar Hundert Euro mehr, mal ein paar Hundert Euro weniger. Damit übertrifft die Kryptowährung ihr bisheriges Allzeithoch vom 10.… [+1947 chars]"
"{'id': None, 'name': 'Unchainedcrypto.com'}",Kyle Torpey,UK Judge Declares Craig Wright Is Not Bitcoin Creator Satoshi Nakamoto,"The presumed final ruling comes eight years after Wright’s initial claims of being the person behind the Satoshi Nakamoto pseudonym, and has implications for a number of other cases involving Wright.",https://unchainedcrypto.com/uk-judge-declares-craig-wright-is-not-bitcoin-creator-satoshi-nakamoto/,https://unchainedcrypto.com/wp-content/uploads/2024/03/shutterstock_2424042441-scaled.jpg,2024-03-14T16:22:12Z,"The presumed final ruling comes eight years after Wrights initial claims of being the person behind the Satoshi Nakamoto pseudonym, and has implications for a number of other cases involving Wright.A… [+3416 chars]"
"{'id': None, 'name': 'MarketWatch'}",Chris Brodersen,What you need to know about taxes on bitcoin ETFs before you buy or sell,Retail investors and financial advisers have much to learn about this new investment.,https://www.marketwatch.com/story/what-youneed-to-know-about-taxes-on-bitcoin-etfs-before-you-buy-or-sell-b51afbf8,https://images.mktw.net/im-97181825/social,2024-03-04T16:17:00Z,"For all its opportunities, bitcoin 
 BTCUSD,
 +6.00%
has posed a number of challenges for investors. On top of the inherent difficulties of understanding blockchain terminology and the underlying … [+5380 chars]"
"{'id': None, 'name': 'MarketWatch'}",Isabel Wang,Did bitcoin ETF frenzy drive the crypto to a record? How the experts see it.,"Bitcoin’s momentum was fueled in part by excitement over the debut of spot bitcoin ETFs, but it raises concerns over whether the initial rising demand for the funds is robust enough to keep bitcoin afloat.",https://www.marketwatch.com/story/did-bitcoin-etf-frenzy-drive-the-crypto-to-a-record-how-the-experts-see-it-ba738798,https://images.mktw.net/im-337931/social,2024-03-07T22:36:00Z,"Hello! This is MarketWatch reporter Isabel Wang bringing you this weeks ETF Wrap. In this weeks edition, we look at spot bitcoin ETFs, and the role these first-of-a-kind funds are playing in the rall… [+258 chars]"
"{'id': None, 'name': 'MarketWatch'}",Tomi Kilgore,"MicroStrategy stock soars 24% — tops $1,300 for first time in 24 years as bitcoin soars",The software company and bitcoin play adds nearly $11 billion in market cap in 6 days.,https://www.marketwatch.com/story/microstrategy-stock-soars-24-tops-1-300-for-first-time-in-24-years-as-bitcoin-soars-0846400b,https://images.mktw.net/im-400000/social,2024-03-04T20:34:00Z,"Shares of MicroStrategy Inc. soared toward a 24-year high on Monday, fueled by the recent rapid run up in bitcoin prices to near-record levels.
A business-analytics software company at heart, invest… [+179 chars]"
"{'id': None, 'name': 'Opencrypto.org'}",Crypto Open Patent Alliance,Craig Wright Is Not Satoshi Nakamoto,"Today, Justice Mellor found that the evidence in the COPA v Wright trial was “overwhelming,” ruling that: Dr Wright is not the author of the Bitcoin White Paper. Dr Wright is not the person who adopted or operated under the pseudonym Satoshi Nakamoto from 200…",https://www.opencrypto.org/2024-03-14-Justice-Mellor-Rules-That-Craig-Wright-Is-Not-Satoshi-Nakamoto-in-COPA-v-Wright-Trial/,,2024-03-14T22:08:37Z,"Today, Justice Mellor found that the evidence in the COPA v Wright trial was overwhelming, ruling that:
<ol><li>Dr Wright is not the author of the Bitcoin White Paper.</li><li>Dr Wright is not the p… [+898 chars]"
"{'id': None, 'name': 'MarketWatch'}",Frances Yue,How bitcoin’s upcoming halving differs from the crypto’s previous cycles,"Bitcoin halvings have historically been viewed as a bullish event for the cryptocurrency — and the upcoming one, expected in April, faces an even more ideal setup than in previous cycles, according to crypto market observers.",https://www.marketwatch.com/story/how-bitcoins-upcoming-halving-differs-from-the-cryptos-previous-cycles-6813e4a4,https://images.mktw.net/im-96310580/social,2024-03-02T11:00:00Z,"Bitcoin halvings have historically been viewed as a bullish event for the cryptocurrency and the upcoming one, expected in April, could benefit from an even more ideal setup than in previous cycles, … [+3070 chars]"
"{'id': None, 'name': 'Xataka.com'}",Javier Marquez,Los mineros de Bitcoin de EEUU tienen un montón de equipos obsoletos. Y los están enviando a África y Sudamérica,"Estamos a las puertas de un nuevo ‘halving’ de Bitcoin, un evento que ocurre aproximadamente cada cuatro años en el que se reduce a la mitad la recompensa que los participantes de la red reciben por cada bloque minado. Esto puede traducirse en menores benefic…",https://www.xataka.com/criptomonedas/mineros-bitcoin-eeuu-tienen-monton-equipos-obsoletos-estan-enviando-a-africa-latinoamerica,https://i.blogs.es/41962e/minado-criptomonedas-2/840_560.jpeg,2024-03-25T22:01:48Z,"Estamos a las puertas de un nuevo halving de Bitcoin, un evento que ocurre aproximadamente cada cuatro años en el que se reduce a la mitad la recompensa que los participantes de la red reciben por ca… [+3104 chars]"
"{'id': None, 'name': 'heise online'}",Martin Holland,Gericht in London: Craig Wright ist nicht der Bitcoin-Erfinder Satoshi Nakamoto,"Vor dem High Court of England and Wales ging es einmal mehr um die Frage, ob Craig Wright den Bitcoin erfunden hat. Das Urteil kam jetzt überraschend schnell.",https://www.heise.de/news/Gericht-in-London-Craig-Wright-ist-nicht-der-Bitcoin-Erfinder-Satoshi-Nakamoto-9655362.html,https://heise.cloudimg.io/bound/1200x1200/q85.png-lossy-85.webp-lossy-85.foil1/_www-heise-de_/imgs/18/4/5/5/6/8/0/7/shutterstock_1937129161-91f75b37827ffe38.jpg,2024-03-14T16:23:00Z,Der in Großbritannien lebende australische Computerwissenschaftler Craig Wright ist nicht der Erfinder des Bitcoins. Das hat der High Court of England and Wales nach einem fünfwöchigen Prozess ungewö… [+2042 chars]
"{'id': None, 'name': 'MarketWatch'}",Frances Yue,"Bitcoin surges above $69,000 to record high, entering ‘untested waters’","Bitcoin’s rally took it to a fresh record high on Tuesday, its first since November 2021",https://www.marketwatch.com/story/bitcoin-surges-above-69-000-to-record-high-entering-untested-waters-9be2511f,https://images.mktw.net/im-07932583/social,2024-03-05T15:13:00Z,"Bitcoin hit a record high on Tuesday, with the cryptocurrency surpassing $69,000, marking a dramatic comeback for digital assets following a tumultuous stretch of more than two years.The rally saw bi… [+2225 chars]"
"{'id': None, 'name': 'ReadWrite'}",Ali Rees,Sam Bankman-Fried to be sentenced to jail time,"Sam Bankman-Fried, owner of the bankrupt crypto exchange FTX, will receive sentencing in New York today (March 28) after his… Continue reading Sam Bankman-Fried to be sentenced to jail time
The post Sam Bankman-Fried to be sentenced to jail time appeared firs…",https://readwrite.com/sam-bankman-fried-to-be-sentenced-to-jail-time/,https://readwrite.com/wp-content/uploads/2024/03/a-white-man-with-short-dark-hair-seen-from-behind-5NbqRdRbQbKyba3HGrOj1g-UaCmXv-IQoS7tOe87Fcs2w-.jpeg,2024-03-28T11:26:05Z,"Sam Bankman-Fried, owner of the bankrupt crypto exchange FTX, will receive sentencing in New York today (March 28) after his convictions for fraud and conspiracy last year. District Judge Lewis Kapla… [+2984 chars]"
"{'id': None, 'name': 'The Atlantic'}",Gilad Edelman,Bitcoin’s Biggest Weakness May Be Its Greatest Strength,The utter pointlessness of crypto helps explain its resurgence.,https://www.theatlantic.com/ideas/archive/2024/03/crypto-bitcoin-market-strength/677643/?utm_source=feed,,2024-03-05T16:50:00Z,"Can someone remind crypto that it’s supposed to be dead? The digital asset market, widely written off as a bubble that burst two years ago, is having one of its wildest rallies ever. The price of bit… [+5888 chars]"
"{'id': None, 'name': 'Genbeta.com'}",Antonio Vallejo,Estos bitcoins fueron minados en 2010 casi gratis. Acaban de venderlos por 69 millones de dólares,"Ha vuelto a suceder. Desde noviembre de 2021 no habíamos visto un pico histórico en el bitcoin hasta que, esta misma madrugada, la criptomoneda volvía a alcanzar su máximo histórico con un valor de más de 69.000 dólares. Tras unos años de sequía, en el último…",https://www.genbeta.com/actualidad/estos-bitcoins-fueron-minados-2010-casi-gratis-acaban-venderlos-69-millones-dolares,https://i.blogs.es/096570/kanchanara-lta5b8mpytw-unsplash/840_560.jpeg,2024-03-06T11:25:14Z,"Ha vuelto a suceder. Desde noviembre de 2021 no habíamos visto un pico histórico en el bitcoin hasta que, esta misma madrugada, la criptomoneda volvía a alcanzar su máximo histórico con un valor de m… [+2668 chars]"
"{'id': None, 'name': 'Golem.de'}",Stefan Mey,Bitcoin-Governance: Wer hat die Macht beim Bitcoin?,"Die erste funktionsfähige Kryptowährung ist ein Multimilliarden-Kosmos und gleichzeitig ein freies Softwareprojekt mit minimalistischen Strukturen. Eine Analyse von Stefan Mey (Wer hat das Sagen bei freien Projekten, Open Source)",https://www.golem.de/sonstiges/zustimmung/auswahl.html?from=https%3A%2F%2Fwww.golem.de%2Fnews%2Fbitcoin-governance-wer-hat-die-macht-beim-bitcoin-2403-182591.html&referer=https%3A%2F%2Ft.co%2Ff2de8a3fbe,,2024-03-11T08:30:02Z,"Besuchen Sie Golem.de wie gewohnt mit Werbung und Tracking,
 indem Sie der Nutzung aller Cookies zustimmen.
 Details zum Tracking finden Sie im Privacy Center.
Skript wurde nicht geladen. Informat… [+607 chars]"
"{'id': None, 'name': 'heise online'}",Alexander Spier,heise+ | Kryptocoins verkaufen: Wie Sie Kryptowährungen zu Geld machen können,Die Kurse für Bitcoin & Co. auf Höhenflug: Ein guter Zeitpunkt die eigenen Coins zu verkaufen. Das gilt es dabei zu beachten.​,https://www.heise.de/ratgeber/Kryptocoins-verkaufen-Wie-Sie-Kryptowaehrungen-zu-Geld-machen-koennen-9658516.html?wt_mc=rss.red.ho.ho.atom.beitrag_plus.beitrag_plus,https://heise.cloudimg.io/bound/1200x1200/q85.png-lossy-85.webp-lossy-85.foil1/_www-heise-de_/imgs/18/4/5/5/8/5/3/9/shutterstock_1916262404-b7c59be85e1ebe55.jpg,2024-03-20T06:30:00Z,"Inhaltsverzeichnis
Die Kurse von Kryptowährungen erreichen aktuell neue Hochs, nach einer langen Phase der Tränen. Der richtige Moment, sich von dem riskanten Investment mit Gewinn zu verabschieden.… [+1711 chars]"
"{'id': None, 'name': 'The New Yorker'}",Elizabeth Kolbert,The Obscene Energy Demands of A.I.,Elizabeth Kolbert on how the advent of artificial intelligence is fuelling a spike in demand for energy consumption.,https://www.newyorker.com/news/daily-comment/the-obscene-energy-demands-of-ai,"https://media.newyorker.com/photos/65ea3f8487f529d1a2a61317/16:9/w_1280,c_limit/Kolbert_AI_Power.jpg",2024-03-09T11:00:00Z,"In 2016, Alex de Vries read somewhere that a single bitcoin transaction consumes as much energy as the average American household uses in a day. At the time, de Vries, who is Dutch, was working at a … [+6050 chars]"
"{'id': None, 'name': 'AppleInsider'}",news@appleinsider.com (William Gallagher),"Bitcoin app accused of stealing $120,000 in another App Store failure","Reports of another fake bitcoin wallet in the App Store are claiming that ""Leather Wallet & Hiro Bitcoin"" took over $120,000 in a single fraudulent transaction.The App Store is meant to be safe from scam appsApple claims the EU is weakening App Store security…",https://appleinsider.com/articles/24/03/11/bitcoin-app-accused-of-stealing-120000-in-another-app-store-failure,https://photos5.appleinsider.com/gallery/52114-103624-The-App-Store-logo-on-iOS----resized-xl.jpg,2024-03-11T13:17:22Z,"The App Store is meant to be safe from scam apps
Reports of another fake bitcoin wallet in the App Store are claiming that ""Leather Wallet &amp; Hiro Bitcoin"" took over $120,000 in a single fraudule… [+1443 chars]"
"{'id': None, 'name': 'Theregister.com'}",Connor Jones,Cryptocurrency laundryman gets hung out to dry,"Bitcoin Fog washed hundreds of millions for criminals
The operator of the world's longest-running Bitcoin money laundering service faces a 50-year prison sentence after being found guilty in a US court.…",https://www.theregister.com/2024/03/13/bitcoin_fog_conviction/,https://regmedia.co.uk/2023/09/06/bitcoin_shutterstock.jpg,2024-03-13T16:45:07Z,"The operator of the world's longest-running Bitcoin money laundering service faces a 50-year prison sentence after being found guilty in a US court.
Roman Sterlingov, 35, operated Bitcoin Fog, a ser… [+4393 chars]"
"{'id': 'business-insider', 'name': 'Business Insider'}",Jacob Shamsian,Judge thrashes Sam Bankman-Fried for claiming FTX customers didn't lose any money before handing down 25-year sentence,"SBF's legal team claimed FTX customers suffered ""zero"" losses when the crypto exchange collapsed. The judge rejected the argument ""entirely.""",https://www.businessinsider.com/sam-bankman-fried-sentencing-customer-losses-judge-2024-3,https://i.insider.com/6603311a1caec1275a69b963?width=1200&format=jpeg,2024-03-28T17:26:00Z,"Sam Bankman-Fried, the jailed founder of bankrupt cryptocurrency exchange FTX, sits with his lawyers Torrey Young and Marc Mukasey.REUTERS/Jane Rosenberg
<ul><li>Sam Bankman-Fried's lawyers claimed … [+6035 chars]"
"{'id': None, 'name': 'Golem.de'}",Tobias Költzsch,Bitcoin: Craig Wright ist laut Gericht nicht Satoshi Nakamoto,"Der Australier Craig Wright behauptet seit Jahren, er sei der Erfinder des Bitcoin. Ein britisches Gericht stellt nun fest: Nein, ist er nicht. (Bitcoin, Wirtschaft)",https://www.golem.de/sonstiges/zustimmung/auswahl.html?from=https%3A%2F%2Fwww.golem.de%2Fnews%2Fbitcoin-craig-wright-ist-laut-gericht-nicht-satoshi-nakamoto-2403-183207.html&referer=https%3A%2F%2Ft.co%2F400741fef5,,2024-03-14T15:45:02Z,"Besuchen Sie Golem.de wie gewohnt mit Werbung und Tracking,
 indem Sie der Nutzung aller Cookies zustimmen.
 Details zum Tracking finden Sie im Privacy Center.
Skript wurde nicht geladen. Informat… [+607 chars]"
"{'id': None, 'name': 'MarketWatch'}",Tomi Kilgore,MicroStrategy’s stock pulls back after plan to offer debt to buy more bitcoin,"MicroStrategy’s stock fell Tuesday, as the business-analytics software company and bitcoin play’s plan to offer convertible debt gave investors a reason to take a breather following the stock’s recent sprint to a 24-year high.",https://www.marketwatch.com/story/microstrategys-stock-pulls-back-after-plan-to-offer-debt-to-buy-more-bitcoin-4f8a1838,https://images.mktw.net/im-94974111/social,2024-03-05T13:15:00Z,"Shares of MicroStrategy Inc. fell Tuesday, as the business-analytics software company and bitcoin plays plan to offer convertible debt gave investors a reason to take a breather following the stocks … [+1859 chars]"
"{'id': 'business-insider', 'name': 'Business Insider'}",George Glover,Ripple Labs accuses the SEC of trying to 'punish and intimidate' by seeking $2 billion in penalties from XRP developer,"The SEC is trying to ""punish and intimidate"" XRP developer Ripple Labs by seeking penalties worth $2 billion, its chief legal officer claimed.",https://www.businessinsider.com/xrp-price-today-ripple-crypto-bitcoin-sec-gary-gensler-2024-3,https://i.insider.com/6602b4f11caec1275a6959f2?width=1200&format=jpeg,2024-03-26T13:36:01Z,"Ripple Labs is behind the XRP cryptocurrency.Jack Taylor/Getty Images
<ul><li>The SEC is seeking fines and penalties worth $2 billion from Ripple Labs, its legal chief said.</li><li>Stuart Alderoty … [+2324 chars]"
"{'id': None, 'name': 'ReadWrite'}",Paul McNally,"Game prototypes and code found on discarded hard drive, now it’s obviously been uploaded to the Internet","Even novice computer users know to not just throw a hard drive in the trash. Even if all it contains […]
The post Game prototypes and code found on discarded hard drive, now it’s obviously been uploaded to the Internet appeared first on ReadWrite.",https://readwrite.com/game-prototypes-and-code-found-on-discarded-hard-drive-now-its-obviously-been-uploaded-to-the-internet/,https://readwrite.com/wp-content/uploads/2024/03/A_striking_3D_rendering_of_a_cyberpunk_hacker_d.jpg,2024-03-04T12:52:54Z,"Even novice computer users know to not just throw a hard drive in the trash. Even if all it contains is photos of your cat and a few old dodgy mp3s downloaded from Napster back in the day, you just n… [+1993 chars]"
"{'id': None, 'name': 'CNET'}",Ian Sherr,Bitcoin Jumps to New All-Time High: What You Need to Know About Crypto - CNET,The cryptocurrency industry is making headlines after multibillion-dollar fraud scandals and years of yo-yoing prices. Will this time be different?,https://www.cnet.com/personal-finance/bitcoin-jumps-to-new-all-time-highs-what-you-need-to-know-about-crypto/,https://www.cnet.com/a/img/resize/cac45764738b5a0a7b0ddfaa55f66e0caa5af384/hub/2022/04/25/349bd7ef-ef81-49d4-bc74-b12b1077aa01/bitcoin-logo-2022-772.jpg?auto=webp&fit=crop&height=675&width=1200,2024-03-06T20:45:00Z,"Bitcoin, the cryptocurrency synonymous with startup riches, valuation roller coasters and massive fraud, hit a new all-time high on Tuesday — above $69,000 — beating a previous peak from November 202… [+4318 chars]"
"{'id': None, 'name': 'Microsiervos.com'}",alvy@microsiervos.com (Alvy),"La dominancia de las criptodivisas en una imagen: Bitcoin (BTC), Ethereum (ETH) y decenas más","Esta interesante gráfica de Coin360.com muestra cómo se reparte el mercado global de las criptodivisas en función de su capitalización.

El dato está indicado como «dominancia» y un porcentaje: el Bitcoin (abreviado, BTC) tiene el 51% del mercado ahora mismo;…",https://www.microsiervos.com/archivo/economia/dominancia-criptodivisas-bitcoin-btc-ethereum-eth.html,https://img.microsiervos.com/images2024/Coin360-crypto-dominance.webp,2024-03-27T22:00:09Z,"Por @Alvy 27 de Marzo de 2024
Esta interesante gráfica de Coin360.com muestra cómo se reparte el mercado global de las criptodivisas en función de su capitalización.
El dato está indicado como «dom… [+2011 chars]"
"{'id': 'business-insider', 'name': 'Business Insider'}",Jacob Shamsian,FTX's victims may get all their money back. The judge sentencing Sam Bankman-Fried might not care.,"As Sam Bankman-Fried's sentencing date approaches, the judge is being asked to consider billions of dollars in losses and his claimed neurodivergence.",https://www.businessinsider.com/sbf-sentencing-ftx-customers-get-money-back-should-it-matter-2024-3,https://i.insider.com/65fb30c12417f97b87cdd31f?width=1200&format=jpeg,2024-03-24T11:00:02Z,"Sam Bankman-Fried is scheduled to be sentenced on Thursday.Chelsea Jia Feng/Insider
<ul><li>Sam Bankman-Fried bilked FTX customers out of over $8 billion, according to prosecutors.</li><li>FTX bankr… [+10737 chars]"
"{'id': None, 'name': 'ReadWrite'}",Graeme Hanna,Coinbase report urges “caution” on AI coins despite boom,"An analyst has urged caution on the artificial intelligence (AI) token market, warning the recent surge in prices could be… Continue reading Coinbase report urges “caution” on AI coins despite boom
The post Coinbase report urges “caution” on AI coins despite …",https://readwrite.com/coinbase-report-urges-caution-on-ai-coins-despite-boom/,https://readwrite.com/wp-content/uploads/2024/03/O8oXjuTwSPawcXFRVqmuew.png,2024-03-08T17:05:47Z,"An analyst has urged caution on the artificial intelligence (AI) token market, warning the recent surge in prices could be fuelled more by hype, rather than its actual value.
In a report compiled by… [+2137 chars]"
"{'id': None, 'name': 'Xataka.com'}",Jose García,"Desmantelan una mina de criptomonedas ilegal en Ripollet. Había defraudado 4,5 millones de euros en electricidad","Los Mossos d'Esquadra y la Guàrdia Civil de Tarragona han desmantelado una instalación de minería de criptomonedas ilegal en Ripollet (Barcelona). Según han informado a través de un comunicado, se ha detenido al principal investigado y se han intervenido 85 o…",https://www.xataka.com/criptomonedas/desmantelan-mina-criptomonedas-ilegal-ripollet-habia-defraudado-4-5-millones-euros-electricidad,https://i.blogs.es/662d90/mossos/840_560.jpeg,2024-03-04T12:01:57Z,"Los Mossos d'Esquadra y la Guàrdia Civil de Tarragona han desmantelado una instalación de minería de criptomonedas ilegal en Ripollet (Barcelona). Según han informado a través de un comunicado, se ha… [+2789 chars]"
"{'id': None, 'name': 'Faz.net'}",Bloomberg,Bitcoin schwankt nach Höchststand stark,"Nach einem Höchststand von mehr als 69.000 Dollar ist die Kryptowährung Bitcoin wieder stark gefallen. Die Volatilität dürfte einige Zeit anhalten, neue Höchststände sind aber nicht ausgeschlossen.",https://www.faz.net/aktuell/wirtschaft/bitcoin-nach-hoechststand-stark-gefallen-die-volatilitaet-der-kryptowaehrung-19567189.html,https://media1.faz.net/ppmedia/aktuell/wirtschaft/1013612349/1.9567255/facebook_teaser/der-wert-der-kryptowaehrung.jpg,2024-03-06T10:33:58Z,"Der Wert des Bitcoin verzeichnet starke Schwankungen, nachdem die Kryptowährung seinen ersten Rekord in mehr als zwei Jahren erreicht hatte. Händler bewerteten, ob die Nachfrage von kürzlich aufgeleg… [+3683 chars]"
"{'id': None, 'name': 'MarketWatch'}",Steve Goldstein,There’s one big mystery in the everything rally: gold’s record-setting ascent,Gold’s defying many of its traditional relationships in its record-setting run.,https://www.marketwatch.com/story/theres-one-big-mystery-in-the-everything-rally-golds-record-setting-ascent-13775d75,https://images.mktw.net/im-65082598/social,2024-03-06T11:42:00Z,"It seems almost every asset class has been hitting records: U.S. stocks, Japanese stocks, German stocks, bitcoin, gold.
That last one is unusual. Rising prices usually generate speculative interest … [+195 chars]"
"{'id': None, 'name': 'Journal du geek'}",Antoine Gautherie,"Le Bitcoin bat un nouveau record, avec un pic à plus de 70 000 $","La reine des cryptomonnaies se porte très bien en ce moment, après une longue traversée du désert.",https://www.journaldugeek.com/2024/03/08/le-bitcoin-bat-un-nouveau-record-avec-un-pic-a-plus-de-70-000/,https://www.journaldugeek.com/app/uploads/2024/02/bitcoin.jpg,2024-03-08T17:26:59Z,"Quelques jours après avoir battu le record de 2021, le prix du Bitcoin sest encore envolé de manière spectaculaire ce vendredi ; à 17 h 30 précises, il a franchi la barre des 70 000 $, soit environ 6… [+2381 chars]"
"{'id': None, 'name': 'Theregister.com'}",Jessica Lyons,Change Healthcare attack latest: ALPHV bags $22M in Bitcoin amid affiliate drama,"No honor among thieves?
ALPHV/BlackCat, the gang behind the Change Healthcare cyberattack, has received more than $22 million in Bitcoin in what might be a ransomware payment.…",https://www.theregister.com/2024/03/04/alphv_ransom_payment/,https://regmedia.co.uk/2024/03/04/bitcoin_shutterstock.jpg,2024-03-04T21:01:06Z,"ALPHV/BlackCat, the gang behind the Change Healthcare cyberattack, has received more than $22 million in Bitcoin in what might be a ransomware payment.
Dmitry Smilyanets, an intelligence analyst at … [+2281 chars]"
"{'id': 'new-scientist', 'name': 'New Scientist'}",Matthew Sparkes,US government wants to tax bitcoin to reduce its environmental impact,"The computers that secure cryptocurrencies like bitcoin consume large amounts of power, pushing up electricity prices and potentially contributing to climate change. Now, the US government wants to tackle the problem",https://www.newscientist.com/article/2421745-us-government-wants-to-tax-bitcoin-to-reduce-its-environmental-impact/,https://images.newscientist.com/wp-content/uploads/2024/03/12161030/SEI_195742712.jpg,2024-03-12T16:15:11Z,"Bitcoin mining has been linked to rising electricity prices
Thomas Lenne/Alamy Stock Photo
The US government has proposed a tax on cryptocurrency miners in an effort to reduce the industry’s sizeab… [+3112 chars]"
"{'id': 'die-zeit', 'name': 'Die Zeit'}",ZEIT ONLINE: News -,Digitalwährung: Bitcoin überholt mit neuem Allzeithoch Silber,Hier finden Sie Informationen zu dem Thema „Digitalwährung“. Lesen Sie jetzt „Bitcoin überholt mit neuem Allzeithoch Silber“.,https://www.zeit.de/news/2024-03/11/bitcoin-ueberholt-mit-neuem-allzeithoch-silber,https://img.zeit.de/news/2024-03/11/bitcoin-ueberholt-mit-neuem-allzeithoch-silber-image-group/wide__1300x731,2024-03-11T11:30:47Z,Der Gesamtwert der Digitalwährung Bitcoin hat die Bewertung aller Silber-Bestände weltweit überschritten. Nach Berechnungen des Fachportals «Infinite Market Cap» waren sämtliche Bitcoins erstmals meh… [+2839 chars]
"{'id': None, 'name': 'MarketWatch'}",Chris Matthews,"As bitcoin hits record high, only two lawmakers have bought crypto since 2021",Only two sitting members of Congress reported buying crypto in 2022 and 2023.,https://www.marketwatch.com/story/as-bitcoin-hits-record-high-only-two-lawmakers-have-bought-crypto-since-2021-3f084d78,https://images.mktw.net/im-06887610/social,2024-03-05T21:39:00Z,"The price of bitcoin traded at a record high of more than $69,000 on Tuesday, but one demographic thats not cashing in on the historic crypto bull market are lawmakers in Washington, D.C. 
Just two … [+270 chars]"
"{'id': 'business-insider', 'name': 'Business Insider'}",Camilo Fonseca,Millennials fall for investment scams a lot — even more than boomers,"More millennials reported being duped by investment scams than people over 60, according to the FBI.",https://www.businessinsider.com/millennials-investment-crypto-scams-boomers-fraud-fbi-report-2024-3,https://i.insider.com/65ea05376080194819fda8f3?width=1200&format=jpeg,2024-03-08T14:21:27Z,"An FBI report shows that millennials, not the elderly, are most likely to lose money on investment-related frauds or scams.Getty Images
<ul><li>Americans aged 30-49 are most susceptible to investmen… [+3659 chars]"
"{'id': 'business-insider', 'name': 'Business Insider'}",Theron Mohamed,"Runaway government debt could sink markets and slam the economy, 2 watchdogs warn","Ballooning government debt and soaring interest payments could trigger a UK-style market meltdown and an economic disaster, fiscal watchdogs warned.",https://www.businessinsider.com/us-national-debt-government-spending-stock-market-financial-crisis-economy-2024-3,https://i.insider.com/6603077616bde8d4ead2547f?width=1200&format=jpeg,2024-03-26T17:36:59Z,"Interest payments are costing the government more.Getty Images
<ul><li>The soaring national debt threatens to cause market chaos and economic pain, two watchdogs warned.</li><li>The US government's … [+3609 chars]"
"{'id': None, 'name': 'Presse-citron'}",RPB,Le cours du Bitcoin continue d’exploser : pourquoi ce nouveau record ?,"Le cours du Bitcoin a dépassé mardi 5 mars son précédent record de 68 999,99 dollars atteint en 2021.",https://www.presse-citron.net/le-cours-du-bitcoin-continue-dexploser-pourquoi-ce-nouveau-record/,https://www.presse-citron.net/app/uploads/2024/03/Bitcoin-ETF.jpg,2024-03-06T13:53:28Z,Depuis quelques mois le marché des crypto reprend incontestablement des couleurs. Le marché profite d’une conjonction vertueuse de facteurs : le premier est sans conteste le ralentissement de l’infla… [+3208 chars]
"{'id': None, 'name': 'Techmeme.com'}",,"CoinShares: as bitcoin topped $72K, a record $2.7B flowed into crypto assets last week; in 2024 so far, $10.3B flowed to crypto assets, close to 2021's $10.6B (Elijah Nicholson-Messmer/Bloomberg)","Elijah Nicholson-Messmer / Bloomberg:
CoinShares: as bitcoin topped $72K, a record $2.7B flowed into crypto assets last week; in 2024 so far, $10.3B flowed to crypto assets, close to 2021's $10.6B  —  - Last week saw a record $2.7 billion flow into crypto ass…",https://www.techmeme.com/240312/p7,https://assets.bwbx.io/images/users/iqjWHBFdfxIU/iWBK_2wEBWzg/v1/1200x800.jpg,2024-03-12T11:05:01Z,"About This Page
This is a Techmeme archive page.
It shows how the site appeared at 7:05 AM ET, March 12, 2024.
The most current version of the site as always is available at our home page.
To vie… [+68 chars]"
"{'id': 'die-zeit', 'name': 'Die Zeit'}",ZEIT ONLINE: News -,Digitalwährung: Bitcoin-Gründer «Satoshi Nakamoto» weiter nicht bekannt,"Hier finden Sie Informationen zu dem Thema „Digitalwährung“. Lesen Sie jetzt „Bitcoin-Gründer ""Satoshi Nakamoto"" weiter nicht bekannt“.",https://www.zeit.de/news/2024-03/14/bitcoin-gruender-satoshi-nakamoto-weiter-nicht-bekannt,https://img.zeit.de/news/2024-03/14/bitcoin-gruender-satoshi-nakamoto-weiter-nicht-bekannt-image-group/wide__1300x731,2024-03-14T17:15:15Z,Ein australischer Unternehmer ist nach Einschätzung eines britischen Gerichts nicht der unter dem Pseudonym «Satoshi Nakamoto» agierende Gründer der Kryptowährung Bitcoin. Das sagte ein Richter des H… [+2054 chars]
"{'id': 'die-zeit', 'name': 'Die Zeit'}",ZEIT ONLINE: News -,Oder-Spree: 82-Jährige verliert fünfstellige Summe an Bitcoin-Betrüger,Hier finden Sie Informationen zu dem Thema „Oder-Spree“. Lesen Sie jetzt „82-Jährige verliert fünfstellige Summe an Bitcoin-Betrüger“.,https://www.zeit.de/news/2024-03/29/82-jaehrige-verliert-fuenfstellige-summe-an-bitcoin-betrueger,https://img.zeit.de/news/2024-03/29/82-jaehrige-verliert-fuenfstellige-summe-an-bitcoin-betrueger-image-group/wide__1300x731,2024-03-29T13:15:17Z,"Eine 82 Jahre alte Frau hat in Fürstenwalde eine fünfstellige Summe an Bitcoin-Betrüger verloren. Die Täter hatten ihr eine Summe der Kryptowährung angeboten, wie die Polizeidirektion Ost am Freitag … [+244 chars]"
"{'id': None, 'name': 'Presse-citron'}",RPB,Qu’est-ce que les ETF ?,Les ETF sont le dernier buzzword des investisseurs intéressés par les crypto et les investissements fractionnés dans diverses valeurs et index - le tout sans sortir des marchés boursiers. On vous dit tout sur les ETF.,https://www.presse-citron.net/quest-ce-que-les-etf/,https://www.presse-citron.net/app/uploads/2024/02/ETF-Bourse.jpg,2024-03-13T21:32:46Z,"Les ETF, ou Fonds Négociés en Bourse, représentent un outil d’investissement de plus en plus populaire, offrant aux investisseurs un moyen pratique et diversifié d’accéder à une large gamme de marché… [+9339 chars]"
"{'id': None, 'name': 'Quartz India'}",Quartz Bot,"Weekend Leadership Roundup March 16, 2024","Who created Bitcoin? That we don’t know, but now we certainly know who didn’t create Bitcoin. Australian scientist Craig Wright who claims to be Satoshi Nakamoto (the pseudonymous person or persons who developed Bitcoin) is not the creator of Bitcoin or the a…",https://qz.com/weekend-leadership-roundup-march-16-2024-1851339613,"https://i.kinja-img.com/image/upload/c_fill,h_675,pg_1,q_80,w_1200/3e1352f40f161e02cb2da7f8c2f521b4.jpg",2024-03-16T13:00:00Z,"Donald Trump called into CNBCs Squawk Box on Monday where he talked about crypto, tried to defend his complete 180 on a TikTok ban, and promoted his new sneakers. The former president also railed aga… [+190 chars]"
"{'id': None, 'name': 'Quartz India'}",Vinamrata Chaturvedi,The Bitcoin craze saw investors pour a record $1 billion into Bitcoin ETFs in just a day,"It’s a rare day today — Bitcoin and Bitcoin ETFs both made records, and the rally is not going to end anytime soon. Spot Bitcoin exchange-traded funds (ETFs) in the U.S. reached a new milestone by attracting more than $1 billion in net inflows. Over the last …",https://qz.com/bitcoin-etfs-1-billion-rally-crypto-1851332135,"https://i.kinja-img.com/image/upload/c_fill,h_675,pg_1,q_80,w_1200/0b45fd224ddd1f143baaa398c99bd30b.jpg",2024-03-13T17:21:51Z,"Its a rare day today Bitcoin and Bitcoin ETFs both made records, and the rally is not going to end anytime soon. Spot Bitcoin exchange-traded funds (ETFs) in the U.S. reached a new milestone by attra… [+1476 chars]"
"{'id': None, 'name': 'Quartz India'}",Vinamrata Chaturvedi,Who is the true creator of Bitcoin? Now we have an answer.,"Who created Bitcoin? That we don’t know, but now we certainly know who didn’t create Bitcoin. Australian scientist Craig Wright who claims to be Satoshi Nakamoto (the pseudonymous person or persons who developed Bitcoin) is not the creator of Bitcoin or the a…",https://qz.com/craig-wright-satoshi-nakamoto-bitcoin-1851335763,"https://i.kinja-img.com/image/upload/c_fill,h_675,pg_1,q_80,w_1200/a4f76a2b1e9747a3b38a269f9123ffb4.jpg",2024-03-14T17:12:00Z,"Who created Bitcoin? That we dont know, but now we certainly know who didnt create Bitcoin. Australian scientist Craig Wright who claims to be Satoshi Nakamoto (the pseudonymous person or persons who… [+2057 chars]"
"{'id': None, 'name': 'Quartz India'}",Vinamrata Chaturvedi,The history of Bitcoin,"Since its creation in 2009, Bitcoin has revolutionized finance as the world’s first decentralized digital currency. From zero to $73,000, Bitcoin has been on quite a journey. And now it’s hard to envision the world of finance without it.Read more...",https://qz.com/bitcoin-history-creation-origin-price-1851347621,"https://i.kinja-img.com/image/upload/c_fill,h_675,pg_1,q_80,w_1200/ca6d4b82801f9e807738cf5857fe8b85.jpg",2024-03-19T11:20:00Z,"Do you know what the first item ever purchased using Bitcoin was? 
It was two large pizzas from Papa Johns in 2010. The transaction on May 22, known as Bitcoin Pizza Day, was the first reported use … [+870 chars]"
"{'id': 'ars-technica', 'name': 'Ars Technica'}",Dan Goodin,Member of LockBit ransomware group sentenced to 4 years in prison,33-year-old Canadian-Russian national pleaded guilty last month.,https://arstechnica.com/security/2024/03/member-of-lockbit-ransomware-group-sentenced-to-4-years-in-prison/,https://cdn.arstechnica.net/wp-content/uploads/2023/06/GettyImages-519951874-760x380.jpg,2024-03-14T23:15:46Z,"2
A dual Canadian-Russian national has been sentenced to four years in prison for his role in infecting more than 1,000 victims with the LockBit ransomware and then extorting them for tens of millio… [+4427 chars]"
"{'id': None, 'name': 'ReadWrite'}",Radek Zielinski,Binance executives detained in Nigeria,"Nigerian authorities arrested former United States federal agent and Binance’s criminal investigations team Tigran Gambaryan along with another company official,… Continue reading Binance executives detained in Nigeria
The post Binance executives detained in …",https://readwrite.com/binance-executives-detained-in-nigeria/,https://readwrite.com/wp-content/uploads/2024/03/52498138138_d08afb54d8_b.jpg,2024-03-12T13:04:57Z,"Nigerian authorities arrested former United States federal agent and Binance’s criminal investigations team Tigran Gambaryan along with another company official, according to a Wired report published… [+3033 chars]"
"{'id': None, 'name': 'Yahoo Entertainment'}",,"A Chinese takeaway worker who had 61,000 bitcoin worth $1.8 billion seized by police found guilty of money laundering",,https://consent.yahoo.com/v2/collectConsent?sessionId=1_cc-session_d104b41b-fbe9-40cc-aa4b-18d9a1796cf3,,2024-03-21T14:37:26Z,"Si vous cliquez sur « Tout accepter », nos partenaires (y compris 241 qui font partie du Cadre de transparence et de consentement dIAB) et nous utiliserons également des témoins et vos données person… [+982 chars]"
